{"noiseKey":{"private":{"type":"Buffer","data":"ONq0+9Ble4wI2wk1BIYWGk+jc8upJzk4jmGWt5PCr38="},"public":{"type":"Buffer","data":"3+K0RNrtev3l5vGmLxRitaxySF1Al54qU0BupUkaMxU="}},"pairingEphemeralKeyPair":{"private":{"type":"Buffer","data":"sEWj89CjpXLPp7bJUipn61EgecKJUGlD/Co+1q917UE="},"public":{"type":"Buffer","data":"uKp+eKDu/gU8kqah0ZbpTB9mH7R2vjai9YjBHKU7yGI="}},"signedIdentityKey":{"private":{"type":"Buffer","data":"EAB7iD/sTcrgQ9nbfgJaaFBZL9t2PQrixC2MKl84UVg="},"public":{"type":"Buffer","data":"ZLMnUr3ID6w8w8reKbzspuc2Mi7LhYacOS/4+vOU7Q8="}},"signedPreKey":{"keyPair":{"private":{"type":"Buffer","data":"AFTMCEpIURSFJKOFsT6CHWFwLkDmwuQLNZcdMWz89Xc="},"public":{"type":"Buffer","data":"NPOgY+HlFb/OMrrgRV+vMwMNkLuzux03B0XrZei/PBg="}},"signature":{"type":"Buffer","data":"m4czkxrtbYDspKKJznQHqbFD2rc7am/jPurQ55AkJv/RhlzH4EjOmuwwYkcyoji6qUQ0l+D/2zmBBGgutFYfhw=="},"keyId":1},"registrationId":107,"advSecretKey":"mnsfipeSlD2oBbqblBRPkwo0QurUm/acMpsfE4LgDFk=","processedHistoryMessages":[],"nextPreKeyId":239,"firstUnuploadedPreKeyId":239,"accountSyncCounter":0,"accountSettings":{"unarchiveChats":false},"deviceId":"eOQnNWV3Sk2k1gCzcqSucA","phoneId":"5890805b-65ba-4616-91f3-e23898f083d2","identityId":{"type":"Buffer","data":"/gnaea+35oqtGBtZpEh+mqA+BRE="},"registered":true,"backupToken":{"type":"Buffer","data":"bXsi2nTFJk+qiWJ/9yQ45okvO6o="},"registration":{},"pairingCode":"DRAY1922","me":{"id":"2348102348852:1@s.whatsapp.net","lid":"103663817240780:1@lid","name":"seniorman"},"account":{"details":"CLaWm+4CEMGvs8QGGAEgACgA","accountSignatureKey":"sYeLdZwfV5haCAC8N1UjcDm3550B7ILPr4ksbJEhv2s=","accountSignature":"H1TA6ATpeug+KKB49c8+W4ZVwtHlbssP9Vydle+TV0jfBujflipPBfBGEw4FfeNOLmPlkyZrxBlum77TZC+2DQ==","deviceSignature":"C6Yx1c1VOjk05nq8/8i18YMDhJl26snW6M/6QBcb69QIUyZ3+d6nYMOQVSJOaTOlxHnw63HiDLpP0iCemMkmiQ=="},"signalIdentities":[{"identifier":{"name":"2348102348852:1@s.whatsapp.net","deviceId":0},"identifierKey":{"type":"Buffer","data":"BbGHi3WcH1eYWggAvDdVI3A5t+edAeyCz6+JLGyRIb9r"}}],"platform":"android","routingInfo":{"type":"Buffer","data":"CA0IAg=="},"lastAccountSyncTimestamp":1754069489,"myAppStateKeyId":"AAAAAHu6"}